randomnumbers,product,branch,Customer type,Quantity,Unit price,Tax 5%,Total,Rating
1,milk,Kumbakonam,Member,7,74.69,26.1415,548.9715,9.1
4,milets,Mayiladuthurai,Normal,5,15.28,3.82,80.22,9.6
1,butter,Mayiladuthurai,Normal,7,46.33,16.2155,340.5255,7.4
4,bread,Trichy,Member,8,58.22,23.288,489.048,8.4
2,butter,Mayiladuthurai,Normal,7,86.31,30.2085,634.3785,5.3
1,milets,Thanjavur,Normal,7,85.39,29.8865,627.6165,4.1
4,milk,Thanjavur,Member,6,68.84,20.652,433.692,5.8
3,detergent,Nagapattinam,Normal,10,73.56,36.78,772.38,8
4,butter,Thanjavur,Member,2,36.26,3.626,76.146,7.2
1,milets,Thanjavur,Member,3,54.84,8.226,172.746,5.9
4,milets,Mayiladuthurai,Member,4,14.48,2.896,60.816,4.5
3,milets,Trichy,Member,4,25.51,5.102,107.142,6.8
4,butter,Mayiladuthurai,Normal,5,46.95,11.7375,246.4875,7.1
2,milets,Thanjavur,Normal,10,43.19,21.595,453.495,8.2
1,milets,Kumbakonam,Normal,10,71.38,35.69,749.49,5.7
4,detergent,Trichy,Member,6,93.72,28.116,590.436,4.5
3,bread,Mayiladuthurai,Member,7,68.93,24.1255,506.6355,4.6
1,detergent,Thanjavur,Normal,6,72.61,21.783,457.443,6.9
1,milets,Thanjavur,Normal,3,54.67,8.2005,172.2105,8.6
1,bread,Kumbakonam,Normal,2,40.3,4.03,84.63,4.4
2,milk,Thanjavur,Member,5,86.04,21.51,451.71,4.8
3,bread,Trichy,Normal,3,87.98,13.197,277.137,5.1
1,milets,Kumbakonam,Normal,2,33.2,3.32,69.72,4.4
3,bread,Nagapattinam,Normal,5,34.56,8.64,181.44,9.9
1,butter,Kumbakonam,Member,3,88.63,13.2945,279.1845,6
1,detergent,Trichy,Member,8,52.59,21.036,441.756,8.5
3,milk,Mayiladuthurai,Normal,1,33.52,1.676,35.196,6.7
4,detergent,Kumbakonam,Normal,2,87.67,8.767,184.107,7.7
3,butter,Trichy,Normal,5,88.36,22.09,463.89,9.6
4,detergent,Trichy,Normal,9,24.89,11.2005,235.2105,7.4
1,milets,Nagapattinam,Normal,5,94.13,23.5325,494.1825,4.8
1,bread,Mayiladuthurai,Member,9,78.07,35.1315,737.7615,4.5
2,butter,Nagapattinam,Normal,8,83.78,33.512,703.752,5.1
2,detergent,Thanjavur,Normal,2,96.58,9.658,202.818,5.1
3,butter,Nagapattinam,Member,4,99.42,19.884,417.564,7.5
1,butter,Mayiladuthurai,Member,1,68.12,3.406,71.526,6.8
2,milk,Thanjavur,Member,5,62.62,15.655,328.755,7
4,bread,Kumbakonam,Normal,9,60.88,27.396,575.316,4.7
2,milk,Mayiladuthurai,Normal,8,54.92,21.968,461.328,7.6
3,bread,Mayiladuthurai,Member,8,30.12,12.048,253.008,7.7
3,butter,Nagapattinam,Member,1,86.72,4.336,91.056,7.9
4,milk,Nagapattinam,Member,2,56.11,5.611,117.831,6.3
4,detergent,Nagapattinam,Member,6,69.12,20.736,435.456,5.6
4,detergent,Kumbakonam,Member,8,98.7,39.48,829.08,7.6
3,milets,Mayiladuthurai,Member,2,15.37,1.537,32.277,7.2
2,butter,Kumbakonam,Member,4,93.96,18.792,394.632,9.5
4,butter,Trichy,Member,9,56.69,25.5105,535.7205,8.4
2,butter,Kumbakonam,Member,9,20.01,9.0045,189.0945,4.1
1,bread,Kumbakonam,Member,6,18.93,5.679,119.259,8.1
2,bread,Kumbakonam,Member,10,82.63,41.315,867.615,7.9
2,detergent,Kumbakonam,Member,7,91.4,31.99,671.79,9.5
4,milk,Mayiladuthurai,Member,5,44.59,11.1475,234.0975,8.5
4,bread,Kumbakonam,Member,4,17.87,3.574,75.054,6.5
1,butter,Nagapattinam,Member,1,15.43,0.7715,16.2015,6.1
3,milets,Trichy,Normal,2,16.16,1.616,33.936,6.5
4,milk,Kumbakonam,Normal,8,85.98,34.392,722.232,8.2
2,detergent,Thanjavur,Member,2,44.34,4.434,93.114,5.8
2,milk,Kumbakonam,Normal,8,89.6,35.84,752.64,6.6
1,milk,Thanjavur,Member,10,72.35,36.175,759.675,5.4
1,detergent,Trichy,Normal,6,30.61,9.183,192.843,9.3
3,bread,Thanjavur,Member,3,24.74,3.711,77.931,10
1,milets,Kumbakonam,Normal,6,55.73,16.719,351.099,7
3,bread,Mayiladuthurai,Member,9,55.07,24.7815,520.4115,10
4,bread,Kumbakonam,Member,10,15.81,7.905,166.005,8.6
4,butter,Nagapattinam,Member,4,75.74,15.148,318.108,7.6
2,butter,Nagapattinam,Member,10,15.87,7.935,166.635,5.8
4,milk,Thanjavur,Normal,2,33.47,3.347,70.287,6.7
3,milets,Nagapattinam,Member,6,97.61,29.283,614.943,9.9
3,milk,Trichy,Normal,10,78.77,39.385,827.085,6.4
2,milets,Mayiladuthurai,Member,1,18.33,0.9165,19.2465,4.3
1,milets,Mayiladuthurai,Normal,10,89.48,44.74,939.54,9.6
3,milets,Kumbakonam,Normal,10,62.12,31.06,652.26,5.9
2,detergent,Trichy,Member,3,48.52,7.278,152.838,4
1,bread,Kumbakonam,Normal,6,75.91,22.773,478.233,8.7
4,milk,Nagapattinam,Normal,9,74.67,33.6015,705.6315,9.4
4,milets,Kumbakonam,Normal,10,41.65,20.825,437.325,5.4
4,detergent,Kumbakonam,Member,9,49.04,22.068,463.428,8.6
2,bread,Nagapattinam,Member,9,20.01,9.0045,189.0945,5.7
2,butter,Kumbakonam,Member,10,78.31,39.155,822.255,6.6
4,milets,Trichy,Normal,5,20.38,5.095,106.995,6
3,detergent,Nagapattinam,Normal,6,99.19,29.757,624.897,5.5
3,butter,Thanjavur,Normal,3,96.68,14.502,304.542,6.4
2,butter,Thanjavur,Normal,8,19.25,7.7,161.7,6.6
1,butter,Trichy,Member,4,80.36,16.072,337.512,8.3
2,milets,Trichy,Member,5,48.91,12.2275,256.7775,6.6
1,milk,Kumbakonam,Normal,7,83.06,29.071,610.491,4
3,milets,Trichy,Normal,5,76.52,19.13,401.73,9.9
4,milets,Nagapattinam,Member,7,49.38,17.283,362.943,7.3
4,milk,Nagapattinam,Normal,1,42.47,2.1235,44.5935,5.7
2,butter,Mayiladuthurai,Normal,6,76.99,23.097,485.037,6.1
2,detergent,Nagapattinam,Member,4,47.38,9.476,198.996,7.1
4,milk,Kumbakonam,Normal,10,44.86,22.43,471.03,8.2
3,milets,Kumbakonam,Member,7,21.98,7.693,161.553,5.1
3,milets,Nagapattinam,Member,9,64.36,28.962,608.202,8.6
2,milets,Kumbakonam,Normal,1,89.75,4.4875,94.2375,6.6
3,bread,Nagapattinam,Normal,1,97.16,4.858,102.018,7.2
3,milk,Trichy,Normal,10,87.87,43.935,922.635,5.1
3,bread,Nagapattinam,Normal,6,12.45,3.735,78.435,4.1
3,butter,Nagapattinam,Normal,3,52.75,7.9125,166.1625,9.3
1,detergent,Trichy,Normal,6,82.7,24.81,521.01,7.4
3,milk,Mayiladuthurai,Member,1,48.71,2.4355,51.1455,4.1
4,detergent,Mayiladuthurai,Normal,9,78.55,35.3475,742.2975,7.2
3,bread,Kumbakonam,Normal,9,23.07,10.3815,218.0115,4.9
2,milk,Trichy,Normal,6,58.26,17.478,367.038,9.9
2,detergent,Trichy,Normal,7,30.35,10.6225,223.0725,8
1,milk,Trichy,Member,10,88.67,44.335,931.035,7.3
4,milk,Thanjavur,Normal,6,27.38,8.214,172.494,7.9
2,butter,Thanjavur,Normal,6,62.13,18.639,391.419,7.4
2,detergent,Mayiladuthurai,Normal,9,33.98,15.291,321.111,4.2
1,milk,Kumbakonam,Member,10,81.97,40.985,860.685,9.2
4,milk,Trichy,Member,2,16.49,1.649,34.629,4.6
1,milk,Trichy,Member,3,98.21,14.7315,309.3615,7.8
1,detergent,Mayiladuthurai,Normal,7,72.84,25.494,535.374,8.4
2,milk,Nagapattinam,Member,9,58.07,26.1315,548.7615,4.3
2,bread,Trichy,Member,9,80.79,36.3555,763.4655,9.5
3,milk,Kumbakonam,Normal,3,27.02,4.053,85.113,7.1
2,milk,Nagapattinam,Member,5,21.94,5.485,115.185,5.3
3,milk,Trichy,Member,1,51.36,2.568,53.928,5.2
2,bread,Kumbakonam,Normal,10,10.96,5.48,115.08,6
4,milk,Nagapattinam,Normal,2,53.44,5.344,112.224,4.1
3,butter,Mayiladuthurai,Normal,8,99.56,39.824,836.304,5.2
2,detergent,Thanjavur,Member,7,57.12,19.992,419.832,6.5
3,milk,Thanjavur,Member,9,99.96,44.982,944.622,4.2
1,milets,Mayiladuthurai,Member,8,63.91,25.564,536.844,4.6
4,milets,Mayiladuthurai,Member,8,56.47,22.588,474.348,7.3
3,bread,Kumbakonam,Normal,7,93.69,32.7915,688.6215,4.5
2,milk,Trichy,Normal,5,32.25,8.0625,169.3125,9
1,milk,Trichy,Normal,9,31.73,14.2785,299.8485,5.9
3,detergent,Nagapattinam,Member,8,68.54,27.416,575.736,8.5
4,bread,Kumbakonam,Normal,9,90.28,40.626,853.146,7.2
4,bread,Nagapattinam,Normal,7,39.62,13.867,291.207,7.5
4,milets,Mayiladuthurai,Member,6,92.13,27.639,580.419,8.3
4,milk,Trichy,Normal,4,34.84,6.968,146.328,7.4
1,milk,Kumbakonam,Member,6,87.45,26.235,550.935,8.8
3,milets,Kumbakonam,Normal,6,81.3,24.39,512.19,5.3
4,bread,Thanjavur,Normal,3,90.22,13.533,284.193,6.2
1,detergent,Nagapattinam,Normal,5,26.31,6.5775,138.1275,8.8
1,butter,Mayiladuthurai,Member,6,34.42,10.326,216.846,9.8
3,milets,Kumbakonam,Normal,10,51.91,25.955,545.055,8.2
1,bread,Trichy,Normal,8,72.5,29,609,9.2
4,detergent,Kumbakonam,Member,10,89.8,44.9,942.9,5.4
4,milk,Kumbakonam,Member,10,90.5,45.25,950.25,8.1
4,bread,Trichy,Member,10,68.6,34.3,720.3,9.1
2,detergent,Kumbakonam,Member,1,30.41,1.5205,31.9305,8.4
4,detergent,Kumbakonam,Normal,6,77.95,23.385,491.085,8
2,butter,Trichy,Normal,6,46.26,13.878,291.438,9.5
4,detergent,Nagapattinam,Member,10,30.14,15.07,316.47,9.2
1,milets,Thanjavur,Normal,4,66.14,13.228,277.788,5.6
2,milets,Mayiladuthurai,Member,8,71.86,28.744,603.624,6.2
2,bread,Mayiladuthurai,Normal,8,32.46,12.984,272.664,4.9
1,butter,Trichy,Member,4,91.54,18.308,384.468,4.8
3,milets,Mayiladuthurai,Member,7,34.56,12.096,254.016,7.3
1,detergent,Nagapattinam,Normal,9,83.24,37.458,786.618,7.4
1,milk,Thanjavur,Normal,6,16.48,4.944,103.824,9.9
2,detergent,Mayiladuthurai,Normal,8,80.97,32.388,680.148,9.3
2,detergent,Thanjavur,Member,5,92.29,23.0725,484.5225,9
3,milets,Thanjavur,Member,1,72.17,3.6085,75.7785,6.1
3,bread,Trichy,Normal,5,50.28,12.57,263.97,9.7
1,milk,Thanjavur,Member,9,97.22,43.749,918.729,6
4,milets,Mayiladuthurai,Normal,6,93.39,28.017,588.357,10
2,butter,Thanjavur,Normal,8,43.18,17.272,362.712,8.3
2,bread,Nagapattinam,Normal,1,63.69,3.1845,66.8745,6
1,detergent,Thanjavur,Normal,7,45.79,16.0265,336.5565,7
3,milets,Trichy,Normal,2,76.4,7.64,160.44,6.5
1,detergent,Trichy,Normal,10,39.9,19.95,418.95,5.9
4,milets,Nagapattinam,Member,8,42.57,17.028,357.588,5.6
3,milk,Trichy,Normal,10,95.58,47.79,1003.59,4.8
4,butter,Thanjavur,Normal,10,98.98,49.49,1039.29,8.7
1,bread,Nagapattinam,Normal,6,51.28,15.384,323.064,6.5
2,bread,Nagapattinam,Member,7,69.52,24.332,510.972,8.5
2,milets,Kumbakonam,Normal,5,70.01,17.5025,367.5525,5.5
2,bread,Mayiladuthurai,Member,5,80.05,20.0125,420.2625,9.4
2,bread,Kumbakonam,Normal,8,20.85,8.34,175.14,6.3
3,milk,Thanjavur,Member,6,52.89,15.867,333.207,9.8
4,milets,Kumbakonam,Normal,8,19.79,7.916,166.236,8.7
4,milets,Trichy,Member,9,33.84,15.228,319.788,8.8
2,bread,Kumbakonam,Member,8,22.17,8.868,186.228,9.6
4,butter,Trichy,Normal,7,22.51,7.8785,165.4485,4.8
2,milets,Trichy,Normal,6,73.88,22.164,465.444,4.4
1,detergent,Mayiladuthurai,Member,3,86.8,13.02,273.42,9.9
1,milk,Thanjavur,Normal,7,64.26,22.491,472.311,5.7
2,butter,Mayiladuthurai,Member,8,38.47,15.388,323.148,7.7
3,butter,Kumbakonam,Member,10,15.5,7.75,162.75,8
4,butter,Nagapattinam,Normal,8,34.31,13.724,288.204,5.7
3,milk,Kumbakonam,Normal,7,12.34,4.319,90.699,6.7
4,milets,Nagapattinam,Member,3,18.08,2.712,56.952,8
4,butter,Kumbakonam,Member,8,94.49,37.796,793.716,7.5
1,butter,Kumbakonam,Member,4,46.47,9.294,195.174,7
2,bread,Nagapattinam,Normal,1,74.07,3.7035,77.7735,9.9
2,detergent,Thanjavur,Normal,4,69.81,13.962,293.202,5.9
3,milk,Trichy,Normal,3,77.04,11.556,242.676,7.2
4,milets,Nagapattinam,Normal,2,73.52,7.352,154.392,4.6
3,milets,Nagapattinam,Normal,9,87.8,39.51,829.71,9.2
1,bread,Nagapattinam,Normal,4,25.55,5.11,107.31,5.7
1,milets,Kumbakonam,Normal,5,32.71,8.1775,171.7275,9.9
4,milk,Nagapattinam,Member,1,74.29,3.7145,78.0045,5
2,butter,Thanjavur,Member,2,43.7,4.37,91.77,4.9
2,milets,Thanjavur,Normal,1,25.29,1.2645,26.5545,6.1
1,bread,Nagapattinam,Normal,4,41.5,8.3,174.3,8.2
3,milk,Mayiladuthurai,Member,5,71.39,17.8475,374.7975,5.5
1,milets,Mayiladuthurai,Member,6,19.15,5.745,120.645,6.8
1,detergent,Thanjavur,Member,4,57.49,11.498,241.458,6.6
1,milets,Mayiladuthurai,Normal,7,61.41,21.4935,451.3635,9.8
1,detergent,Trichy,Member,10,25.9,12.95,271.95,8.7
2,milets,Trichy,Member,5,17.77,4.4425,93.2925,5.4
1,bread,Mayiladuthurai,Normal,9,23.03,10.3635,217.6335,7.9
1,milets,Kumbakonam,Member,9,66.65,29.9925,629.8425,9.7
4,butter,Thanjavur,Member,10,28.53,14.265,299.565,7.8
4,bread,Trichy,Normal,3,30.37,4.5555,95.6655,5.1
2,detergent,Mayiladuthurai,Normal,9,99.73,44.8785,942.4485,6.5
4,milk,Thanjavur,Normal,9,26.23,11.8035,247.8735,5.9
2,detergent,Nagapattinam,Normal,9,93.26,41.967,881.307,8.8
2,milets,Nagapattinam,Normal,5,92.36,23.09,484.89,4.9
1,milets,Kumbakonam,Normal,3,46.42,6.963,146.223,4.4
2,butter,Thanjavur,Member,7,29.61,10.3635,217.6335,6.5
2,milk,Nagapattinam,Normal,1,18.28,0.914,19.194,8.3
1,detergent,Nagapattinam,Normal,5,24.77,6.1925,130.0425,8.5
2,butter,Nagapattinam,Member,3,94.64,14.196,298.116,5.5
1,detergent,Mayiladuthurai,Normal,8,94.87,37.948,796.908,8.7
3,bread,Mayiladuthurai,Normal,3,57.34,8.601,180.621,7.9
4,milets,Kumbakonam,Normal,6,45.35,13.605,285.705,6.1
3,milets,Trichy,Normal,7,62.08,21.728,456.288,5.4
1,detergent,Trichy,Normal,5,11.81,2.9525,62.0025,9.4
2,bread,Trichy,Member,1,12.54,0.627,13.167,8.2
3,bread,Thanjavur,Normal,2,43.25,4.325,90.825,6.2
4,detergent,Nagapattinam,Member,2,87.16,8.716,183.036,9.7
2,detergent,Nagapattinam,Member,9,69.37,31.2165,655.5465,4
1,milk,Nagapattinam,Member,4,37.06,7.412,155.652,9.7
1,bread,Trichy,Member,6,90.7,27.21,571.41,5.3
2,detergent,Kumbakonam,Normal,8,63.42,25.368,532.728,7.4
4,milk,Mayiladuthurai,Normal,2,81.37,8.137,170.877,6.5
1,milk,Kumbakonam,Member,3,10.59,1.5885,33.3585,8.7
2,bread,Trichy,Normal,9,84.09,37.8405,794.6505,8
1,detergent,Trichy,Member,4,73.82,14.764,310.044,6.7
3,butter,Mayiladuthurai,Member,10,51.94,25.97,545.37,6.5
1,milets,Trichy,Normal,2,93.14,9.314,195.594,4.1
2,milets,Nagapattinam,Normal,5,17.41,4.3525,91.4025,4.9
4,butter,Trichy,Member,5,44.22,11.055,232.155,8.6
4,bread,Trichy,Member,5,13.22,3.305,69.405,4.3
1,butter,Trichy,Normal,1,89.69,4.4845,94.1745,4.9
1,bread,Kumbakonam,Normal,9,24.94,11.223,235.683,5.6
2,milets,Nagapattinam,Normal,2,59.77,5.977,125.517,5.8
2,milk,Trichy,Member,2,93.2,9.32,195.72,6
3,milk,Nagapattinam,Member,4,62.65,12.53,263.13,4.2
3,milets,Trichy,Normal,8,93.87,37.548,788.508,8.3
4,bread,Thanjavur,Member,8,47.59,19.036,399.756,5.7
1,butter,Nagapattinam,Member,3,81.4,12.21,256.41,4.8
3,bread,Mayiladuthurai,Member,5,17.94,4.485,94.185,6.8
3,detergent,Thanjavur,Member,4,77.72,15.544,326.424,8.8
3,detergent,Kumbakonam,Normal,7,73.06,25.571,536.991,4.2
3,milets,Trichy,Member,9,46.55,20.9475,439.8975,6.4
2,milets,Mayiladuthurai,Member,10,35.19,17.595,369.495,8.4
1,butter,Nagapattinam,Normal,2,14.39,1.439,30.219,7.2
2,milets,Trichy,Normal,4,23.75,4.75,99.75,5.2
2,milk,Nagapattinam,Member,8,58.9,23.56,494.76,8.9
1,detergent,Kumbakonam,Member,4,32.62,6.524,137.004,9
3,butter,Mayiladuthurai,Member,1,66.35,3.3175,69.6675,9.7
1,milets,Nagapattinam,Member,6,25.91,7.773,163.233,8.7
1,detergent,Kumbakonam,Member,4,32.25,6.45,135.45,6.5
1,milets,Trichy,Member,4,65.94,13.188,276.948,6.9
4,milets,Nagapattinam,Normal,9,75.06,33.777,709.317,6.2
3,butter,Mayiladuthurai,Normal,4,16.45,3.29,69.09,5.6
2,milets,Nagapattinam,Member,4,38.3,7.66,160.86,5.7
4,milets,Mayiladuthurai,Member,10,22.24,11.12,233.52,4.2
3,bread,Thanjavur,Normal,1,54.45,2.7225,57.1725,7.9
1,bread,Kumbakonam,Member,7,98.4,34.44,723.24,8.7
1,milets,Trichy,Normal,4,35.47,7.094,148.974,6.9
2,bread,Kumbakonam,Member,10,74.6,37.3,783.3,9.5
4,milk,Mayiladuthurai,Member,4,70.74,14.148,297.108,4.4
4,milk,Kumbakonam,Member,10,35.54,17.77,373.17,7
4,detergent,Thanjavur,Normal,5,67.43,16.8575,354.0075,6.3
2,butter,Thanjavur,Member,2,21.12,2.112,44.352,9.7
1,bread,Nagapattinam,Member,9,21.54,9.693,203.553,8.8
4,butter,Kumbakonam,Normal,2,12.03,1.203,25.263,5.1
2,milets,Kumbakonam,Normal,6,99.71,29.913,628.173,7.9
3,detergent,Trichy,Normal,7,47.97,16.7895,352.5795,6.2
2,bread,Thanjavur,Member,10,21.82,10.91,229.11,7.1
4,butter,Nagapattinam,Normal,4,95.42,19.084,400.764,6.4
1,butter,Nagapattinam,Member,10,70.99,35.495,745.395,5.7
1,milets,Mayiladuthurai,Member,10,44.02,22.01,462.21,9.6
3,butter,Kumbakonam,Normal,8,69.96,27.984,587.664,6.4
3,bread,Kumbakonam,Normal,1,37,1.85,38.85,7.9
1,detergent,Thanjavur,Normal,1,15.34,0.767,16.107,6.5
3,milets,Kumbakonam,Member,6,99.83,29.949,628.929,8.5
2,detergent,Kumbakonam,Member,4,47.67,9.534,200.214,9.1
1,butter,Nagapattinam,Normal,5,66.68,16.67,350.07,7.6
3,butter,Thanjavur,Member,1,74.86,3.743,78.603,6.9
1,milk,Kumbakonam,Normal,9,23.75,10.6875,224.4375,9.5
4,milk,Kumbakonam,Normal,7,48.51,16.9785,356.5485,5.2
2,butter,Thanjavur,Member,7,94.88,33.208,697.368,4.2
1,bread,Mayiladuthurai,Member,10,40.3,20.15,423.15,7
4,detergent,Mayiladuthurai,Normal,7,27.85,9.7475,204.6975,6
4,milets,Mayiladuthurai,Member,1,62.48,3.124,65.604,4.7
4,detergent,Mayiladuthurai,Member,2,36.36,3.636,76.356,7.1
3,bread,Nagapattinam,Normal,10,18.11,9.055,190.155,5.9
4,bread,Thanjavur,Member,5,51.92,12.98,272.58,7.5
2,milets,Thanjavur,Normal,4,28.84,5.768,121.128,6.4
2,detergent,Trichy,Member,6,78.38,23.514,493.794,5.8
1,milk,Kumbakonam,Member,4,60.01,12.002,252.042,4.5
3,milets,Mayiladuthurai,Member,1,88.61,4.4305,93.0405,7.7
4,milets,Kumbakonam,Normal,2,99.82,9.982,209.622,6.7
1,bread,Nagapattinam,Member,1,39.01,1.9505,40.9605,4.7
2,butter,Nagapattinam,Normal,1,48.61,2.4305,51.0405,4.4
2,bread,Trichy,Normal,4,51.19,10.238,214.998,4.7
3,milk,Kumbakonam,Normal,8,14.96,5.984,125.664,8.6
3,butter,Trichy,Member,7,72.2,25.27,530.67,4.3
1,bread,Nagapattinam,Normal,7,40.23,14.0805,295.6905,9.6
4,milk,Mayiladuthurai,Member,8,88.79,35.516,745.836,4.1
1,butter,Trichy,Member,3,26.48,3.972,83.412,4.7
2,milk,Trichy,Normal,2,81.91,8.191,172.011,7.8
2,detergent,Nagapattinam,Member,6,79.93,23.979,503.559,5.5
1,milk,Thanjavur,Member,2,69.33,6.933,145.593,9.7
1,milk,Trichy,Member,5,14.23,3.5575,74.7075,4.4
4,milets,Nagapattinam,Member,9,15.55,6.9975,146.9475,5
4,butter,Mayiladuthurai,Member,10,78.13,39.065,820.365,4.4
1,milets,Mayiladuthurai,Member,2,99.37,9.937,208.677,5.2
4,milk,Thanjavur,Member,3,21.08,3.162,66.402,7.3
3,bread,Nagapattinam,Member,5,74.79,18.6975,392.6475,4.9
3,detergent,Mayiladuthurai,Member,7,29.67,10.3845,218.0745,8.1
2,bread,Nagapattinam,Member,4,44.07,8.814,185.094,8.4
4,detergent,Thanjavur,Normal,9,22.93,10.3185,216.6885,5.5
4,detergent,Nagapattinam,Normal,1,39.42,1.971,41.391,8.4
4,milets,Thanjavur,Normal,6,15.26,4.578,96.138,9.8
2,detergent,Trichy,Normal,5,61.77,15.4425,324.2925,6.7
1,butter,Mayiladuthurai,Normal,6,21.52,6.456,135.576,9.4
4,milets,Mayiladuthurai,Normal,4,97.74,19.548,410.508,6.4
2,milk,Thanjavur,Member,5,99.78,24.945,523.845,5.4
1,bread,Thanjavur,Member,4,94.26,18.852,395.892,8.6
4,butter,Mayiladuthurai,Member,4,51.13,10.226,214.746,4
3,butter,Mayiladuthurai,Member,4,36.36,7.272,152.712,7.6
1,milets,Nagapattinam,Normal,9,22.02,9.909,208.089,6.8
4,bread,Mayiladuthurai,Normal,3,32.9,4.935,103.635,9.1
1,butter,Trichy,Normal,5,77.02,19.255,404.355,5.5
4,detergent,Mayiladuthurai,Member,2,23.48,2.348,49.308,7.9
3,milk,Trichy,Member,5,14.7,3.675,77.175,8.5
4,butter,Thanjavur,Member,5,28.45,7.1125,149.3625,9.1
2,bread,Trichy,Normal,9,76.4,34.38,721.98,7.5
1,milk,Thanjavur,Normal,6,57.95,17.385,365.085,5.2
2,milk,Trichy,Normal,3,47.65,7.1475,150.0975,9.5
2,milets,Kumbakonam,Member,9,42.82,19.269,404.649,8.9
3,milk,Mayiladuthurai,Member,3,48.09,7.2135,151.4835,7.8
3,bread,Kumbakonam,Member,7,55.97,19.5895,411.3795,8.9
2,butter,Mayiladuthurai,Member,7,76.9,26.915,565.215,7.7
3,butter,Nagapattinam,Normal,5,97.03,24.2575,509.4075,9.3
2,bread,Nagapattinam,Normal,3,44.65,6.6975,140.6475,6.2
2,bread,Trichy,Normal,9,77.93,35.0685,736.4385,7.6
2,butter,Trichy,Member,1,71.95,3.5975,75.5475,7.3
4,milk,Kumbakonam,Member,8,89.25,35.7,749.7,4.7
4,detergent,Nagapattinam,Normal,7,26.02,9.107,191.247,5.1
3,milets,Trichy,Normal,10,13.5,6.75,141.75,4.8
4,butter,Mayiladuthurai,Member,10,99.3,49.65,1042.65,6.6
4,milets,Thanjavur,Normal,7,51.69,18.0915,379.9215,5.5
3,detergent,Thanjavur,Member,7,54.73,19.1555,402.2655,8.5
3,butter,Nagapattinam,Member,9,27,12.15,255.15,4.8
1,bread,Nagapattinam,Normal,1,30.24,1.512,31.752,8.4
4,butter,Thanjavur,Member,4,89.14,17.828,374.388,7.8
2,butter,Trichy,Normal,10,37.55,18.775,394.275,9.3
2,bread,Nagapattinam,Normal,10,95.44,47.72,1002.12,5.2
3,milets,Mayiladuthurai,Normal,3,27.5,4.125,86.625,6.5
1,bread,Nagapattinam,Normal,1,74.97,3.7485,78.7185,5.6
4,butter,Nagapattinam,Member,8,80.96,32.384,680.064,7.4
2,bread,Kumbakonam,Normal,8,94.47,37.788,793.548,9.1
2,detergent,Kumbakonam,Normal,2,99.79,9.979,209.559,8
3,milets,Kumbakonam,Normal,6,73.22,21.966,461.286,7.2
4,butter,Trichy,Normal,4,41.24,8.248,173.208,7.1
4,butter,Trichy,Normal,4,81.68,16.336,343.056,9.1
3,bread,Mayiladuthurai,Normal,9,51.32,23.094,484.974,5.6
3,detergent,Trichy,Member,4,65.94,13.188,276.948,6
2,butter,Nagapattinam,Normal,10,14.36,7.18,150.78,5.4
4,detergent,Mayiladuthurai,Member,9,21.5,9.675,203.175,7.8
2,milk,Nagapattinam,Member,7,26.26,9.191,193.011,9.9
1,bread,Mayiladuthurai,Normal,2,60.96,6.096,128.016,4.9
2,milets,Mayiladuthurai,Normal,6,70.11,21.033,441.693,5.2
2,butter,Trichy,Normal,6,42.08,12.624,265.104,8.9
3,milk,Mayiladuthurai,Normal,5,67.09,16.7725,352.2225,9.1
2,milets,Thanjavur,Member,5,96.7,24.175,507.675,7
1,detergent,Trichy,Member,9,35.38,15.921,334.341,9.6
3,bread,Nagapattinam,Normal,7,95.49,33.4215,701.8515,8.7
2,bread,Mayiladuthurai,Member,4,96.98,19.396,407.316,9.4
4,milk,Mayiladuthurai,Normal,4,23.65,4.73,99.33,4
4,bread,Trichy,Member,4,82.33,16.466,345.786,7.5
2,milets,Trichy,Normal,2,26.61,2.661,55.881,4.2
2,milk,Mayiladuthurai,Normal,5,99.69,24.9225,523.3725,9.9
2,milets,Trichy,Member,4,74.89,14.978,314.538,4.2
1,bread,Kumbakonam,Normal,5,40.94,10.235,214.935,9.9
4,bread,Mayiladuthurai,Member,1,75.82,3.791,79.611,5.8
1,bread,Kumbakonam,Normal,6,46.77,14.031,294.651,6
4,milets,Thanjavur,Normal,10,32.32,16.16,339.36,10
1,detergent,Thanjavur,Member,9,54.07,24.3315,510.9615,9.5
1,butter,Trichy,Normal,7,18.22,6.377,133.917,6.6
4,bread,Mayiladuthurai,Member,3,80.48,12.072,253.512,8.1
3,butter,Kumbakonam,Normal,10,37.95,18.975,398.475,9.7
4,butter,Thanjavur,Member,1,76.82,3.841,80.661,7.2
1,milets,Trichy,Member,10,52.26,26.13,548.73,6.2
2,bread,Thanjavur,Normal,1,79.74,3.987,83.727,7.3
4,detergent,Kumbakonam,Normal,5,77.5,19.375,406.875,4.3
3,detergent,Nagapattinam,Normal,5,54.27,13.5675,284.9175,4.6
3,bread,Nagapattinam,Normal,9,13.59,6.1155,128.4255,5.8
2,bread,Nagapattinam,Member,6,41.06,12.318,258.678,8.3
1,milets,Kumbakonam,Member,9,19.24,8.658,181.818,8
3,bread,Trichy,Normal,6,39.43,11.829,248.409,9.4
4,butter,Thanjavur,Normal,4,46.22,9.244,194.124,6.2
4,bread,Nagapattinam,Member,1,13.98,0.699,14.679,9.8
3,milets,Kumbakonam,Normal,5,39.75,9.9375,208.6875,9.6
3,milets,Trichy,Member,7,97.79,34.2265,718.7565,4.9
1,detergent,Nagapattinam,Member,4,67.26,13.452,282.492,8
4,detergent,Trichy,Normal,5,13.79,3.4475,72.3975,7.8
3,detergent,Mayiladuthurai,Member,4,68.71,13.742,288.582,4.1
2,butter,Mayiladuthurai,Normal,4,56.53,11.306,237.426,5.5
2,butter,Thanjavur,Normal,5,23.82,5.955,125.055,5.4
4,milk,Trichy,Normal,10,34.21,17.105,359.205,5.1
4,bread,Nagapattinam,Normal,2,21.87,2.187,45.927,6.9
1,detergent,Nagapattinam,Member,5,20.97,5.2425,110.0925,7.8
4,butter,Nagapattinam,Normal,3,25.84,3.876,81.396,6.6
4,milk,Mayiladuthurai,Normal,8,50.93,20.372,427.812,9.2
1,milk,Nagapattinam,Normal,1,96.11,4.8055,100.9155,7.8
2,detergent,Kumbakonam,Normal,4,45.38,9.076,190.596,8.7
4,butter,Kumbakonam,Member,1,81.51,4.0755,85.5855,9.2
4,bread,Trichy,Normal,2,57.22,5.722,120.162,8.3
2,detergent,Trichy,Member,7,25.22,8.827,185.367,8.2
2,bread,Kumbakonam,Member,3,38.6,5.79,121.59,7.5
3,milets,Thanjavur,Normal,3,84.05,12.6075,264.7575,9.8
4,milk,Mayiladuthurai,Member,10,97.21,48.605,1020.705,8.7
2,butter,Trichy,Member,8,25.42,10.168,213.528,6.7
2,bread,Thanjavur,Normal,1,16.28,0.814,17.094,5
3,bread,Thanjavur,Member,9,40.61,18.2745,383.7645,7
4,bread,Mayiladuthurai,Member,7,53.17,18.6095,390.7995,8.9
1,milets,Nagapattinam,Member,3,20.87,3.1305,65.7405,8
1,butter,Thanjavur,Normal,5,67.27,16.8175,353.1675,6.9
4,milets,Mayiladuthurai,Member,10,90.65,45.325,951.825,7.3
1,bread,Kumbakonam,Normal,2,69.08,6.908,145.068,6.9
4,butter,Mayiladuthurai,Normal,2,43.27,4.327,90.867,5.7
3,milets,Mayiladuthurai,Normal,6,23.46,7.038,147.798,6.4
1,detergent,Trichy,Normal,7,95.54,33.439,702.219,9.6
2,milk,Nagapattinam,Normal,1,47.44,2.372,49.812,6.8
3,milets,Nagapattinam,Normal,9,99.24,44.658,937.818,9
1,butter,Kumbakonam,Member,4,82.93,16.586,348.306,9.6
1,butter,Kumbakonam,Normal,6,33.99,10.197,214.137,7.7
4,butter,Thanjavur,Member,4,17.04,3.408,71.568,7
1,bread,Trichy,Normal,8,40.86,16.344,343.224,6.5
3,bread,Nagapattinam,Member,5,17.44,4.36,91.56,8.1
3,milk,Thanjavur,Member,8,88.43,35.372,742.812,4.3
1,bread,Kumbakonam,Member,9,89.21,40.1445,843.0345,6.5
1,milets,Kumbakonam,Normal,1,12.78,0.639,13.419,9.5
2,milets,Trichy,Normal,7,19.1,6.685,140.385,9.7
3,bread,Kumbakonam,Member,1,19.15,0.9575,20.1075,9.5
4,bread,Thanjavur,Member,10,27.66,13.83,290.43,8.9
1,milk,Thanjavur,Normal,3,45.74,6.861,144.081,6.5
2,butter,Thanjavur,Member,1,27.07,1.3535,28.4235,5.3
3,butter,Thanjavur,Member,1,39.12,1.956,41.076,9.6
2,detergent,Mayiladuthurai,Normal,6,74.71,22.413,470.673,6.7
1,butter,Trichy,Normal,6,22.01,6.603,138.663,7.6
1,detergent,Kumbakonam,Normal,5,63.61,15.9025,333.9525,4.8
2,milets,Kumbakonam,Normal,1,25,1.25,26.25,5.5
4,milets,Mayiladuthurai,Member,4,20.77,4.154,87.234,4.7
3,detergent,Nagapattinam,Member,5,29.56,7.39,155.19,6.9
4,butter,Kumbakonam,Member,9,77.4,34.83,731.43,4.5
2,detergent,Kumbakonam,Normal,10,79.39,39.695,833.595,6.2
3,milk,Mayiladuthurai,Member,10,46.57,23.285,488.985,7.6
2,bread,Thanjavur,Normal,1,35.89,1.7945,37.6845,7.9
4,butter,Kumbakonam,Normal,5,40.52,10.13,212.73,4.5
3,milk,Kumbakonam,Member,10,73.05,36.525,767.025,8.7
4,milets,Mayiladuthurai,Normal,4,73.95,14.79,310.59,6.1
2,detergent,Mayiladuthurai,Member,1,22.62,1.131,23.751,6.4
4,detergent,Mayiladuthurai,Member,5,51.34,12.835,269.535,9.1
1,detergent,Kumbakonam,Member,10,54.55,27.275,572.775,7.1
3,butter,Mayiladuthurai,Member,7,37.15,13.0025,273.0525,7.7
4,milets,Kumbakonam,Normal,6,37.02,11.106,233.226,4.5
3,milk,Trichy,Normal,1,21.58,1.079,22.659,7.2
1,milk,Kumbakonam,Member,1,98.84,4.942,103.782,8.4
1,butter,Trichy,Member,6,83.77,25.131,527.751,5.4
4,milk,Kumbakonam,Member,4,40.05,8.01,168.21,9.7
4,milets,Trichy,Member,10,43.13,21.565,452.865,5.5
1,bread,Trichy,Member,8,72.57,29.028,609.588,4.6
3,butter,Kumbakonam,Member,5,64.44,16.11,338.31,6.6
4,milk,Trichy,Normal,3,65.18,9.777,205.317,6.3
4,bread,Kumbakonam,Normal,5,33.26,8.315,174.615,4.2
2,butter,Thanjavur,Normal,4,84.07,16.814,353.094,4.4
4,butter,Nagapattinam,Normal,10,34.37,17.185,360.885,6.7
1,milk,Thanjavur,Normal,1,38.6,1.93,40.53,6.7
4,detergent,Nagapattinam,Normal,8,65.97,26.388,554.148,8.4
3,butter,Kumbakonam,Normal,10,32.8,16.4,344.4,6.2
1,milk,Mayiladuthurai,Normal,5,37.14,9.285,194.985,5
2,milets,Nagapattinam,Member,10,60.38,30.19,633.99,6
2,detergent,Mayiladuthurai,Member,10,36.98,18.49,388.29,7
2,detergent,Kumbakonam,Member,4,49.49,9.898,207.858,6.6
1,bread,Mayiladuthurai,Normal,10,41.09,20.545,431.445,7.3
1,milets,Mayiladuthurai,Normal,4,37.15,7.43,156.03,8.3
1,milets,Trichy,Normal,1,22.96,1.148,24.108,4.3
3,milets,Kumbakonam,Member,9,77.68,34.956,734.076,9.8
3,detergent,Kumbakonam,Normal,2,34.7,3.47,72.87,8.2
1,milk,Thanjavur,Member,10,19.66,9.83,206.43,7.2
3,bread,Thanjavur,Member,8,25.32,10.128,212.688,8.7
2,milets,Trichy,Member,10,12.12,6.06,127.26,8.4
4,milk,Trichy,Normal,2,99.89,9.989,209.769,7.1
3,milk,Mayiladuthurai,Normal,8,75.92,30.368,637.728,5.5
3,detergent,Thanjavur,Normal,2,63.22,6.322,132.762,8.5
3,detergent,Kumbakonam,Normal,6,90.24,27.072,568.512,6.2
3,detergent,Kumbakonam,Member,1,98.13,4.9065,103.0365,8.9
2,butter,Trichy,Member,8,51.52,20.608,432.768,9.6
3,butter,Thanjavur,Member,1,73.97,3.6985,77.6685,5.4
3,butter,Kumbakonam,Member,1,31.9,1.595,33.495,9.1
4,milk,Trichy,Normal,2,69.4,6.94,145.74,9
2,milets,Mayiladuthurai,Normal,2,93.31,9.331,195.951,6.3
4,milk,Nagapattinam,Normal,1,88.45,4.4225,92.8725,9.5
4,milk,Thanjavur,Member,8,24.18,9.672,203.112,9.8
3,detergent,Kumbakonam,Member,3,48.5,7.275,152.775,6.7
4,milk,Trichy,Normal,6,84.05,25.215,529.515,7.7
4,milets,Mayiladuthurai,Member,5,61.29,15.3225,321.7725,7
2,bread,Thanjavur,Member,6,15.95,4.785,100.485,5.1
3,butter,Kumbakonam,Member,7,90.74,31.759,666.939,6.2
1,milets,Kumbakonam,Normal,5,42.91,10.7275,225.2775,6.1
1,milk,Trichy,Normal,7,54.28,18.998,398.958,9.3
3,bread,Nagapattinam,Normal,7,99.55,34.8425,731.6925,7.6
1,milk,Kumbakonam,Member,7,58.39,20.4365,429.1665,8.2
1,milk,Thanjavur,Member,1,51.47,2.5735,54.0435,8.5
3,butter,Nagapattinam,Member,5,54.86,13.715,288.015,9.8
4,bread,Mayiladuthurai,Member,5,39.39,9.8475,206.7975,8.7
4,butter,Trichy,Normal,2,34.73,3.473,72.933,9.7
1,milets,Thanjavur,Member,5,71.92,17.98,377.58,4.3
3,detergent,Nagapattinam,Normal,3,45.71,6.8565,143.9865,7.7
2,milets,Trichy,Member,6,83.17,24.951,523.971,7.3
1,detergent,Thanjavur,Member,6,37.44,11.232,235.872,5.9
2,detergent,Kumbakonam,Normal,2,62.87,6.287,132.027,5
4,milk,Thanjavur,Normal,6,81.71,24.513,514.773,8
3,milets,Kumbakonam,Member,5,91.41,22.8525,479.9025,7.1
2,milets,Nagapattinam,Normal,4,39.21,7.842,164.682,9
4,milk,Kumbakonam,Member,2,59.86,5.986,125.706,6.7
3,bread,Mayiladuthurai,Member,10,54.36,27.18,570.78,6.1
1,detergent,Thanjavur,Normal,9,98.09,44.1405,926.9505,9.3
1,detergent,Kumbakonam,Normal,6,25.43,7.629,160.209,7
1,milk,Nagapattinam,Member,8,86.68,34.672,728.112,7.2
2,milets,Kumbakonam,Normal,10,22.95,11.475,240.975,8.2
3,detergent,Thanjavur,Normal,9,16.31,7.3395,154.1295,8.4
4,detergent,Trichy,Normal,5,28.32,7.08,148.68,6.2
2,butter,Trichy,Normal,7,16.67,5.8345,122.5245,7.4
1,bread,Mayiladuthurai,Member,1,73.96,3.698,77.658,5
3,detergent,Trichy,Normal,1,97.94,4.897,102.837,6.9
2,butter,Kumbakonam,Normal,4,73.05,14.61,306.81,4.9
4,milk,Mayiladuthurai,Member,6,87.48,26.244,551.124,5.1
3,detergent,Kumbakonam,Normal,3,30.68,4.602,96.642,9.1
2,milk,Nagapattinam,Member,1,75.88,3.794,79.674,7.1
1,butter,Thanjavur,Member,4,20.18,4.036,84.756,5
4,butter,Mayiladuthurai,Member,6,18.77,5.631,118.251,5.5
3,detergent,Kumbakonam,Normal,1,71.2,3.56,74.76,9.2
4,milk,Thanjavur,Member,4,38.81,7.762,163.002,4.9
1,milk,Kumbakonam,Normal,10,29.42,14.71,308.91,8.9
1,butter,Nagapattinam,Normal,9,60.95,27.4275,575.9775,6
3,milets,Nagapattinam,Normal,5,51.54,12.885,270.585,4.2
4,butter,Nagapattinam,Normal,6,66.06,19.818,416.178,7.3
3,butter,Trichy,Normal,3,57.27,8.5905,180.4005,6.5
4,milk,Mayiladuthurai,Normal,9,54.31,24.4395,513.2295,8.9
1,bread,Kumbakonam,Normal,9,58.24,26.208,550.368,9.7
3,bread,Nagapattinam,Normal,6,22.21,6.663,139.923,8.6
3,milk,Mayiladuthurai,Member,7,19.32,6.762,142.002,6.9
2,milk,Thanjavur,Normal,3,37.48,5.622,118.062,7.7
2,butter,Mayiladuthurai,Member,2,72.04,7.204,151.284,9.5
2,butter,Thanjavur,Member,10,98.52,49.26,1034.46,4.5
3,butter,Trichy,Member,6,41.66,12.498,262.458,5.6
4,detergent,Kumbakonam,Member,3,72.42,10.863,228.123,8.2
1,butter,Trichy,Normal,9,21.58,9.711,203.931,7.3
3,butter,Nagapattinam,Normal,10,89.2,44.6,936.6,4.4
2,butter,Mayiladuthurai,Normal,8,42.42,16.968,356.328,5.7
2,butter,Thanjavur,Member,6,74.51,22.353,469.413,5
1,butter,Trichy,Normal,2,99.25,9.925,208.425,9
4,milets,Nagapattinam,Normal,10,81.21,40.605,852.705,6.3
1,milets,Mayiladuthurai,Normal,10,49.33,24.665,517.965,9.4
3,bread,Thanjavur,Normal,9,65.74,29.583,621.243,7.7
1,detergent,Kumbakonam,Normal,7,79.86,27.951,586.971,5.5
3,bread,Kumbakonam,Normal,7,73.98,25.893,543.753,4.1
4,butter,Mayiladuthurai,Member,5,82.04,20.51,430.71,7.6
3,butter,Mayiladuthurai,Member,10,26.67,13.335,280.035,8.6
4,milk,Kumbakonam,Member,7,10.13,3.5455,74.4555,8.3
4,bread,Nagapattinam,Normal,2,72.39,7.239,152.019,8.1
2,milets,Nagapattinam,Normal,5,85.91,21.4775,451.0275,8.6
3,milets,Thanjavur,Member,7,81.31,28.4585,597.6285,6.3
4,bread,Trichy,Normal,4,60.3,12.06,253.26,5.8
4,milets,Nagapattinam,Normal,4,31.77,6.354,133.434,6.2
3,butter,Mayiladuthurai,Normal,4,64.27,12.854,269.934,7.7
3,detergent,Mayiladuthurai,Normal,2,69.51,6.951,145.971,8.1
1,milk,Trichy,Normal,3,27.22,4.083,85.743,7.3
3,butter,Nagapattinam,Member,4,77.68,15.536,326.256,8.4
2,milets,Thanjavur,Member,2,92.98,9.298,195.258,8
4,bread,Nagapattinam,Member,4,18.08,3.616,75.936,9.5
4,milk,Kumbakonam,Normal,3,63.06,9.459,198.639,7
2,milets,Trichy,Normal,4,51.71,10.342,217.182,9.8
1,milets,Nagapattinam,Normal,3,52.34,7.851,164.871,9.2
3,milets,Kumbakonam,Normal,5,43.06,10.765,226.065,7.7
2,bread,Nagapattinam,Normal,10,59.61,29.805,625.905,5.3
2,milk,Kumbakonam,Normal,5,14.62,3.655,76.755,4.4
1,butter,Nagapattinam,Member,6,46.53,13.959,293.139,4.3
3,bread,Thanjavur,Member,7,24.24,8.484,178.164,9.4
2,detergent,Kumbakonam,Member,1,45.58,2.279,47.859,9.8
1,detergent,Thanjavur,Member,3,75.2,11.28,236.88,4.8
2,butter,Trichy,Member,3,96.8,14.52,304.92,5.3
4,detergent,Nagapattinam,Normal,3,14.82,2.223,46.683,8.7
3,detergent,Kumbakonam,Normal,3,52.2,7.83,164.43,9.5
1,detergent,Mayiladuthurai,Normal,9,46.66,20.997,440.937,5.3
3,milk,Nagapattinam,Normal,5,36.85,9.2125,193.4625,9.2
4,milk,Nagapattinam,Member,2,70.32,7.032,147.672,9.6
1,milets,Nagapattinam,Normal,1,83.08,4.154,87.234,6.4
2,detergent,Kumbakonam,Normal,1,64.99,3.2495,68.2395,4.5
1,bread,Mayiladuthurai,Normal,10,77.56,38.78,814.38,6.9
4,milets,Nagapattinam,Normal,6,54.51,16.353,343.413,7.8
4,milets,Mayiladuthurai,Member,7,51.89,18.1615,381.3915,4.5
2,butter,Kumbakonam,Normal,4,31.75,6.35,133.35,8.6
4,milk,Nagapattinam,Member,7,53.65,18.7775,394.3275,5.2
4,bread,Mayiladuthurai,Member,4,49.79,9.958,209.118,6.4
1,milk,Thanjavur,Normal,1,30.61,1.5305,32.1405,5.2
4,bread,Thanjavur,Member,2,57.89,5.789,121.569,8.9
2,milets,Kumbakonam,Normal,1,28.96,1.448,30.408,6.2
2,butter,Mayiladuthurai,Member,9,98.97,44.5365,935.2665,6.7
3,detergent,Nagapattinam,Member,3,93.22,13.983,293.643,7.2
4,butter,Mayiladuthurai,Member,1,80.93,4.0465,84.9765,9
3,detergent,Trichy,Member,10,67.45,33.725,708.225,4.2
2,bread,Trichy,Member,9,38.72,17.424,365.904,4.2
4,milk,Trichy,Member,6,72.6,21.78,457.38,6.9
3,detergent,Thanjavur,Member,5,87.91,21.9775,461.5275,4.4
1,milets,Mayiladuthurai,Member,6,98.53,29.559,620.739,4
2,butter,Mayiladuthurai,Member,6,43.46,13.038,273.798,8.5
3,butter,Thanjavur,Normal,3,71.68,10.752,225.792,9.2
2,milk,Trichy,Member,1,91.61,4.5805,96.1905,9.8
1,milk,Kumbakonam,Member,7,94.59,33.1065,695.2365,4.9
1,detergent,Kumbakonam,Normal,10,83.25,41.625,874.125,4.4
1,milets,Trichy,Member,1,91.35,4.5675,95.9175,6.8
2,butter,Thanjavur,Member,2,78.88,7.888,165.648,9.1
4,butter,Thanjavur,Normal,2,60.87,6.087,127.827,8.7
1,milk,Nagapattinam,Member,10,82.58,41.29,867.09,5
1,milk,Mayiladuthurai,Member,3,53.3,7.995,167.895,7.5
4,milk,Thanjavur,Normal,1,12.09,0.6045,12.6945,8.2
3,milk,Thanjavur,Normal,10,64.19,32.095,673.995,6.7
3,milets,Trichy,Normal,3,78.31,11.7465,246.6765,5.4
2,milk,Trichy,Member,2,83.77,8.377,175.917,7
4,butter,Trichy,Normal,3,99.7,14.955,314.055,4.7
3,detergent,Nagapattinam,Member,3,79.91,11.9865,251.7165,5
2,milets,Kumbakonam,Member,10,66.47,33.235,697.935,5
3,milk,Kumbakonam,Normal,7,28.95,10.1325,212.7825,6
3,bread,Trichy,Normal,1,46.2,2.31,48.51,6.3
2,butter,Nagapattinam,Member,5,17.63,4.4075,92.5575,8.5
4,detergent,Kumbakonam,Normal,3,52.42,7.863,165.123,7.5
4,bread,Trichy,Member,3,98.79,14.8185,311.1885,6.4
2,detergent,Thanjavur,Member,8,88.55,35.42,743.82,4.7
4,milets,Thanjavur,Member,2,55.67,5.567,116.907,6
2,detergent,Thanjavur,Member,8,72.52,29.008,609.168,4
2,bread,Trichy,Member,5,12.05,3.0125,63.2625,5.5
4,detergent,Nagapattinam,Member,9,19.36,8.712,182.952,8.7
4,milk,Kumbakonam,Normal,6,70.21,21.063,442.323,7.4
2,milets,Trichy,Member,1,33.63,1.6815,35.3115,5.6
4,milk,Mayiladuthurai,Member,2,15.49,1.549,32.529,6.3
1,milk,Kumbakonam,Normal,10,24.74,12.37,259.77,7.1
2,bread,Kumbakonam,Normal,5,75.66,18.915,397.215,7.8
2,milk,Kumbakonam,Normal,6,55.81,16.743,351.603,9.9
4,milk,Thanjavur,Member,10,72.78,36.39,764.19,7.3
1,bread,Mayiladuthurai,Member,9,37.32,16.794,352.674,5.1
3,butter,Trichy,Member,4,60.18,12.036,252.756,9.4
4,detergent,Mayiladuthurai,Normal,3,15.69,2.3535,49.4235,5.8
3,bread,Kumbakonam,Normal,1,99.69,4.9845,104.6745,8
4,milets,Nagapattinam,Member,3,88.15,13.2225,277.6725,7.9
4,butter,Trichy,Member,5,27.93,6.9825,146.6325,5.9
3,milk,Kumbakonam,Member,1,55.45,2.7725,58.2225,4.9
3,milk,Thanjavur,Normal,3,42.97,6.4455,135.3555,9.3
1,milets,Trichy,Member,7,17.14,5.999,125.979,7.9
2,bread,Kumbakonam,Member,6,58.75,17.625,370.125,5.9
3,detergent,Thanjavur,Member,10,87.1,43.55,914.55,9.9
3,milk,Kumbakonam,Normal,2,98.8,9.88,207.48,7.7
3,milk,Trichy,Normal,4,48.63,9.726,204.246,7.6
2,butter,Mayiladuthurai,Member,3,57.74,8.661,181.881,7.7
4,detergent,Thanjavur,Normal,4,17.97,3.594,75.474,6.4
1,milk,Mayiladuthurai,Member,6,47.71,14.313,300.573,4.4
1,detergent,Trichy,Normal,2,40.62,4.062,85.302,4.1
3,butter,Trichy,Member,10,56.04,28.02,588.42,4.4
3,butter,Mayiladuthurai,Member,2,93.4,9.34,196.14,5.5
1,milets,Trichy,Normal,3,73.41,11.0115,231.2415,4
3,detergent,Thanjavur,Normal,8,33.64,13.456,282.576,9.3
4,milets,Thanjavur,Normal,10,45.48,22.74,477.54,4.8
4,milets,Kumbakonam,Member,2,83.77,8.377,175.917,4.6
1,butter,Mayiladuthurai,Member,7,64.08,22.428,470.988,7.3
3,detergent,Nagapattinam,Member,4,73.47,14.694,308.574,6
4,bread,Trichy,Normal,10,58.95,29.475,618.975,8.1
3,bread,Mayiladuthurai,Member,6,48.5,14.55,305.55,9.4
2,bread,Trichy,Member,1,39.48,1.974,41.454,6.5
1,milets,Trichy,Normal,1,34.81,1.7405,36.5505,7
3,butter,Thanjavur,Normal,6,49.32,14.796,310.716,7.1
2,butter,Mayiladuthurai,Member,2,21.48,2.148,45.108,6.6
2,milets,Mayiladuthurai,Member,6,23.08,6.924,145.404,4.9
1,milk,Trichy,Member,2,49.1,4.91,103.11,6.4
3,bread,Mayiladuthurai,Member,2,64.83,6.483,136.143,8
2,bread,Nagapattinam,Member,10,63.56,31.78,667.38,4.3
1,milk,Mayiladuthurai,Member,2,72.88,7.288,153.048,6.1
1,milets,Nagapattinam,Normal,3,67.1,10.065,211.365,7.5
3,milets,Kumbakonam,Member,9,70.19,31.5855,663.2955,6.7
2,detergent,Nagapattinam,Member,7,55.04,19.264,404.544,5.2
3,milk,Kumbakonam,Member,10,48.63,24.315,510.615,8.8
4,detergent,Nagapattinam,Member,7,73.38,25.683,539.343,9.5
2,milk,Thanjavur,Normal,9,52.6,23.67,497.07,7.6
3,butter,Mayiladuthurai,Member,5,87.37,21.8425,458.6925,6.6
3,bread,Mayiladuthurai,Member,4,27.04,5.408,113.568,6.9
4,bread,Thanjavur,Normal,4,62.19,12.438,261.198,4.3
2,milets,Nagapattinam,Member,9,69.58,31.311,657.531,7.8
3,bread,Kumbakonam,Normal,10,97.5,48.75,1023.75,8
3,milk,Kumbakonam,Normal,8,60.41,24.164,507.444,9.6
4,milets,Nagapattinam,Normal,3,32.32,4.848,101.808,4.3
2,butter,Trichy,Member,10,19.77,9.885,207.585,5
3,detergent,Nagapattinam,Member,9,80.47,36.2115,760.4415,9.2
1,bread,Kumbakonam,Member,9,88.39,39.7755,835.2855,6.3
4,milk,Trichy,Normal,7,71.77,25.1195,527.5095,8.9
2,milets,Mayiladuthurai,Normal,4,43,8.6,180.6,7.6
2,detergent,Kumbakonam,Member,1,68.98,3.449,72.429,4.8
2,detergent,Nagapattinam,Normal,8,15.62,6.248,131.208,9.1
2,bread,Nagapattinam,Normal,3,25.7,3.855,80.955,6.1
4,bread,Kumbakonam,Member,6,80.62,24.186,507.906,9.1
4,detergent,Trichy,Member,4,75.53,15.106,317.226,8.3
4,bread,Kumbakonam,Normal,9,77.63,34.9335,733.6035,7.2
3,butter,Trichy,Normal,9,13.85,6.2325,130.8825,6
3,bread,Mayiladuthurai,Member,8,98.7,39.48,829.08,8.5
4,detergent,Mayiladuthurai,Normal,5,35.68,8.92,187.32,6.6
4,detergent,Kumbakonam,Member,7,71.46,25.011,525.231,4.5
2,milets,Kumbakonam,Member,3,11.94,1.791,37.611,8.1
1,milets,Kumbakonam,Normal,3,45.38,6.807,142.947,7.2
2,detergent,Mayiladuthurai,Member,6,17.48,5.244,110.124,6.1
3,milets,Nagapattinam,Normal,7,25.56,8.946,187.866,7.1
1,bread,Thanjavur,Member,9,90.63,40.7835,856.4535,5.1
2,milk,Thanjavur,Normal,3,44.12,6.618,138.978,7.9
3,bread,Thanjavur,Member,7,36.77,12.8695,270.2595,7.4
3,bread,Nagapattinam,Member,4,23.34,4.668,98.028,7.4
1,butter,Thanjavur,Member,8,28.5,11.4,239.4,6.6
2,bread,Trichy,Member,3,55.57,8.3355,175.0455,5.9
4,bread,Thanjavur,Normal,10,69.74,34.87,732.27,8.9
2,detergent,Thanjavur,Normal,4,97.26,19.452,408.492,6.8
3,butter,Thanjavur,Member,7,52.18,18.263,383.523,9.3
1,milets,Nagapattinam,Member,4,22.32,4.464,93.744,4.4
2,bread,Kumbakonam,Normal,3,56,8.4,176.4,4.8
4,milk,Kumbakonam,Member,1,19.7,0.985,20.685,9.5
3,butter,Kumbakonam,Normal,7,75.88,26.558,557.718,8.9
3,detergent,Mayiladuthurai,Member,1,53.72,2.686,56.406,6.4
1,milets,Kumbakonam,Member,10,81.95,40.975,860.475,6
3,bread,Kumbakonam,Member,7,81.2,28.42,596.82,8.1
4,bread,Nagapattinam,Normal,10,58.76,29.38,616.98,9
3,butter,Trichy,Member,8,91.56,36.624,769.104,6
2,detergent,Kumbakonam,Normal,9,93.96,42.282,887.922,9.8
3,butter,Thanjavur,Normal,7,55.61,19.4635,408.7335,8.5
1,butter,Trichy,Normal,1,84.83,4.2415,89.0715,8.8
2,bread,Thanjavur,Member,2,71.63,7.163,150.423,8.8
4,bread,Thanjavur,Member,2,37.69,3.769,79.149,9.5
1,milets,Kumbakonam,Member,8,31.67,12.668,266.028,5.6
2,milk,Mayiladuthurai,Member,1,38.42,1.921,40.341,8.6
3,milets,Thanjavur,Member,10,65.23,32.615,684.915,5.2
2,bread,Kumbakonam,Member,5,10.53,2.6325,55.2825,5.8
2,butter,Thanjavur,Member,9,12.29,5.5305,116.1405,8
1,bread,Mayiladuthurai,Member,7,81.23,28.4305,597.0405,9
3,milk,Thanjavur,Member,4,22.32,4.464,93.744,4.1
4,butter,Kumbakonam,Normal,5,27.28,6.82,143.22,8.6
2,milets,Mayiladuthurai,Member,10,17.42,8.71,182.91,7
3,butter,Trichy,Normal,5,73.28,18.32,384.72,8.4
2,detergent,Nagapattinam,Member,3,84.87,12.7305,267.3405,7.4
4,butter,Thanjavur,Normal,8,97.29,38.916,817.236,6.2
3,bread,Mayiladuthurai,Member,8,35.74,14.296,300.216,4.9
3,bread,Trichy,Normal,6,96.52,28.956,608.076,4.5
2,butter,Thanjavur,Member,10,18.85,9.425,197.925,5.6
1,bread,Trichy,Normal,4,55.39,11.078,232.638,8
3,bread,Kumbakonam,Member,10,77.2,38.6,810.6,5.6
3,butter,Trichy,Normal,10,72.13,36.065,757.365,4.2
1,milk,Kumbakonam,Member,8,63.88,25.552,536.592,9.9
4,detergent,Mayiladuthurai,Member,5,10.69,2.6725,56.1225,7.6
2,bread,Thanjavur,Member,4,55.5,11.1,233.1,6.6
2,milets,Trichy,Normal,8,95.46,38.184,801.864,4.7
3,bread,Mayiladuthurai,Normal,3,76.06,11.409,239.589,9.8
4,butter,Trichy,Normal,6,13.69,4.107,86.247,6.3
2,bread,Trichy,Normal,4,95.64,19.128,401.688,7.9
2,bread,Kumbakonam,Normal,6,11.43,3.429,72.009,7.7
2,butter,Kumbakonam,Member,4,95.54,19.108,401.268,4.5
1,milets,Kumbakonam,Member,7,85.87,30.0545,631.1445,8
4,milk,Mayiladuthurai,Member,7,67.99,23.7965,499.7265,5.7
4,detergent,Nagapattinam,Normal,1,52.42,2.621,55.041,6.3
3,milk,Mayiladuthurai,Member,2,65.65,6.565,137.865,6
2,butter,Trichy,Normal,5,28.86,7.215,151.515,8
3,milk,Nagapattinam,Member,7,65.31,22.8585,480.0285,4.2
3,bread,Kumbakonam,Normal,1,93.38,4.669,98.049,9.6
4,detergent,Nagapattinam,Member,5,25.25,6.3125,132.5625,6.1
2,detergent,Mayiladuthurai,Member,9,87.87,39.5415,830.3715,5.6
4,bread,Trichy,Normal,8,21.8,8.72,183.12,8.3
1,bread,Thanjavur,Normal,4,94.76,18.952,397.992,7.8
4,bread,Kumbakonam,Member,1,30.62,1.531,32.151,4.1
4,bread,Kumbakonam,Normal,8,44.01,17.604,369.684,8.8
4,milk,Trichy,Member,5,10.16,2.54,53.34,4.1
4,milets,Nagapattinam,Normal,7,74.58,26.103,548.163,9
2,bread,Mayiladuthurai,Normal,8,71.89,28.756,603.876,5.5
2,detergent,Mayiladuthurai,Normal,5,10.99,2.7475,57.6975,9.3
3,bread,Thanjavur,Member,3,60.47,9.0705,190.4805,5.6
4,detergent,Mayiladuthurai,Normal,7,58.91,20.6185,432.9885,9.7
1,milk,Kumbakonam,Normal,1,46.41,2.3205,48.7305,4
2,butter,Mayiladuthurai,Member,4,68.55,13.71,287.91,9.2
3,butter,Mayiladuthurai,Normal,10,97.37,48.685,1022.385,4.9
3,milk,Nagapattinam,Member,7,92.6,32.41,680.61,9.3
3,milets,Nagapattinam,Normal,2,46.61,4.661,97.881,6.6
2,milk,Thanjavur,Normal,2,27.18,2.718,57.078,4.3
2,bread,Mayiladuthurai,Member,1,60.87,3.0435,63.9135,5.5
4,bread,Nagapattinam,Member,10,24.49,12.245,257.145,8.1
2,milets,Kumbakonam,Normal,1,92.78,4.639,97.419,9.8
4,bread,Nagapattinam,Member,5,86.69,21.6725,455.1225,9.4
2,milets,Nagapattinam,Normal,6,23.01,6.903,144.963,7.9
4,butter,Nagapattinam,Member,8,30.2,12.08,253.68,5.1
4,milk,Mayiladuthurai,Member,7,67.39,23.5865,495.3165,6.9
4,bread,Mayiladuthurai,Member,9,48.96,22.032,462.672,8
4,detergent,Mayiladuthurai,Member,9,75.59,34.0155,714.3255,8
2,butter,Thanjavur,Normal,4,77.47,15.494,325.374,4.2
4,milets,Mayiladuthurai,Normal,2,93.18,9.318,195.678,8.5
3,detergent,Thanjavur,Normal,4,50.23,10.046,210.966,9
2,butter,Nagapattinam,Normal,1,17.75,0.8875,18.6375,8.6
1,milk,Nagapattinam,Normal,10,62.18,31.09,652.89,6
2,butter,Kumbakonam,Normal,8,10.75,4.3,90.3,6.2
2,detergent,Nagapattinam,Normal,10,40.26,20.13,422.73,5
1,milk,Thanjavur,Member,5,64.97,16.2425,341.0925,6.5
1,milk,Kumbakonam,Normal,1,95.15,4.7575,99.9075,6
4,bread,Kumbakonam,Member,8,48.62,19.448,408.408,5
3,bread,Trichy,Normal,8,53.21,21.284,446.964,5
4,detergent,Trichy,Normal,7,45.44,15.904,333.984,9.2
3,bread,Trichy,Normal,8,33.88,13.552,284.592,9.6
4,detergent,Kumbakonam,Member,4,96.16,19.232,403.872,8.4
3,milk,Kumbakonam,Member,5,47.16,11.79,247.59,6
4,milk,Nagapattinam,Normal,4,52.89,10.578,222.138,6.7
4,detergent,Trichy,Member,2,47.68,4.768,100.128,4.1
1,detergent,Thanjavur,Member,1,10.17,0.5085,10.6785,5.9
4,milets,Kumbakonam,Normal,3,68.71,10.3065,216.4365,8.7
1,butter,Thanjavur,Member,7,60.08,21.028,441.588,4.5
3,milk,Thanjavur,Member,4,22.01,4.402,92.442,6.6
3,bread,Nagapattinam,Member,9,72.11,32.4495,681.4395,7.7
3,detergent,Trichy,Member,3,41.28,6.192,130.032,8.5
4,butter,Mayiladuthurai,Normal,10,64.95,32.475,681.975,5.2
4,butter,Mayiladuthurai,Member,10,74.22,37.11,779.31,4.3
3,milets,Kumbakonam,Normal,8,10.56,4.224,88.704,7.6
2,bread,Kumbakonam,Normal,4,62.57,12.514,262.794,9.5
1,bread,Trichy,Member,8,11.85,4.74,99.54,4.1
2,bread,Trichy,Member,1,91.3,4.565,95.865,9.2
2,bread,Mayiladuthurai,Member,7,40.73,14.2555,299.3655,5.4
1,butter,Thanjavur,Normal,1,52.38,2.619,54.999,5.8
3,butter,Mayiladuthurai,Member,5,38.54,9.635,202.335,5.6
3,butter,Thanjavur,Normal,6,44.63,13.389,281.169,5.1
4,milets,Thanjavur,Normal,10,55.87,27.935,586.635,5.8
4,milk,Trichy,Member,6,29.22,8.766,184.086,5
1,detergent,Mayiladuthurai,Normal,3,51.94,7.791,163.611,7.9
3,butter,Nagapattinam,Normal,1,60.3,3.015,63.315,6
1,bread,Kumbakonam,Member,2,39.47,3.947,82.887,5
2,detergent,Mayiladuthurai,Member,2,14.87,1.487,31.227,8.9
1,milk,Kumbakonam,Normal,1,21.32,1.066,22.386,5.9
2,milk,Thanjavur,Member,3,93.78,14.067,295.407,5.9
1,milk,Thanjavur,Member,1,73.26,3.663,76.923,9.7
4,milk,Kumbakonam,Normal,1,22.38,1.119,23.499,8.6
3,detergent,Mayiladuthurai,Member,9,72.88,32.796,688.716,4
4,detergent,Mayiladuthurai,Normal,6,99.1,29.73,624.33,4.2
4,milets,Mayiladuthurai,Normal,1,74.1,3.705,77.805,9.2
2,milets,Mayiladuthurai,Normal,2,98.48,9.848,206.808,9.2
3,butter,Thanjavur,Normal,7,53.19,18.6165,390.9465,5
4,milets,Nagapattinam,Normal,10,52.79,26.395,554.295,10
4,milets,Nagapattinam,Member,5,95.95,23.9875,503.7375,8.8
2,milets,Kumbakonam,Normal,9,36.51,16.4295,345.0195,4.2
4,detergent,Trichy,Normal,8,21.12,8.448,177.408,6.3
2,milets,Mayiladuthurai,Member,4,28.31,5.662,118.902,8.2
2,milets,Trichy,Normal,6,57.59,17.277,362.817,5.1
2,milets,Mayiladuthurai,Member,9,47.63,21.4335,450.1035,5
1,bread,Trichy,Member,1,86.27,4.3135,90.5835,7
4,butter,Trichy,Member,2,12.76,1.276,26.796,7.8
2,milets,Nagapattinam,Normal,9,11.28,5.076,106.596,4.3
4,butter,Mayiladuthurai,Normal,7,51.07,17.8745,375.3645,7
3,detergent,Trichy,Member,3,79.59,11.9385,250.7085,6.6
1,bread,Nagapattinam,Member,3,33.81,5.0715,106.5015,7.3
1,bread,Kumbakonam,Member,8,90.53,36.212,760.452,6.5
1,detergent,Trichy,Member,2,62.82,6.282,131.922,4.9
3,detergent,Mayiladuthurai,Member,3,24.31,3.6465,76.5765,4.3
2,detergent,Kumbakonam,Normal,4,64.59,12.918,271.278,9.3
1,milets,Thanjavur,Member,7,24.82,8.687,182.427,7.1
1,milk,Mayiladuthurai,Normal,1,56.5,2.825,59.325,9.6
2,milk,Kumbakonam,Member,10,21.43,10.715,225.015,6.2
1,milk,Mayiladuthurai,Member,6,89.06,26.718,561.078,9.9
3,bread,Trichy,Member,4,23.29,4.658,97.818,5.9
4,milk,Trichy,Normal,8,65.26,26.104,548.184,6.3
1,milk,Nagapattinam,Member,1,52.35,2.6175,54.9675,4
3,milets,Thanjavur,Member,1,39.75,1.9875,41.7375,6.1
2,butter,Nagapattinam,Normal,8,90.02,36.008,756.168,4.5
3,detergent,Trichy,Member,8,12.1,4.84,101.64,8.6
1,detergent,Thanjavur,Member,10,33.21,16.605,348.705,6
2,milk,Trichy,Member,8,10.18,4.072,85.512,9.5
3,butter,Thanjavur,Member,10,31.99,15.995,335.895,9.9
3,milk,Trichy,Member,6,34.42,10.326,216.846,7.5
2,milets,Trichy,Member,2,83.34,8.334,175.014,7.6
1,bread,Mayiladuthurai,Normal,7,45.58,15.953,335.013,5
1,butter,Thanjavur,Member,1,87.9,4.395,92.295,6.7
3,milets,Thanjavur,Member,10,73.47,36.735,771.435,9.5
3,milets,Thanjavur,Normal,8,12.19,4.876,102.396,6.8
1,detergent,Trichy,Member,10,76.92,38.46,807.66,5.6
2,butter,Trichy,Normal,5,83.66,20.915,439.215,7.2
3,detergent,Kumbakonam,Normal,8,57.91,23.164,486.444,8.1
4,butter,Thanjavur,Member,5,92.49,23.1225,485.5725,8.6
3,milk,Nagapattinam,Normal,5,28.38,7.095,148.995,9.4
4,milk,Mayiladuthurai,Member,6,50.45,15.135,317.835,8.9
1,detergent,Kumbakonam,Normal,8,99.16,39.664,832.944,4.2
1,detergent,Thanjavur,Normal,7,60.74,21.259,446.439,5
3,milk,Thanjavur,Member,6,47.27,14.181,297.801,8.8
3,bread,Nagapattinam,Member,7,85.6,29.96,629.16,5.3
4,detergent,Nagapattinam,Member,9,35.04,15.768,331.128,4.6
2,milets,Thanjavur,Member,9,44.84,20.178,423.738,7.5
1,milk,Nagapattinam,Normal,4,45.97,9.194,193.074,5.1
3,milets,Thanjavur,Member,5,27.73,6.9325,145.5825,4.2
2,butter,Thanjavur,Normal,7,11.53,4.0355,84.7455,8.1
4,butter,Nagapattinam,Normal,2,58.32,5.832,122.472,6
2,milk,Nagapattinam,Member,4,78.38,15.676,329.196,7.9
2,bread,Trichy,Normal,10,84.61,42.305,888.405,8.8
3,bread,Kumbakonam,Normal,5,82.88,20.72,435.12,6.6
4,detergent,Mayiladuthurai,Member,2,79.54,7.954,167.034,6.2
2,milets,Kumbakonam,Normal,10,49.01,24.505,514.605,4.2
3,detergent,Nagapattinam,Member,3,29.15,4.3725,91.8225,7.3
1,milk,Nagapattinam,Normal,4,56.13,11.226,235.746,8.6
4,milk,Trichy,Normal,8,93.12,37.248,782.208,6.8
4,milets,Mayiladuthurai,Member,8,51.34,20.536,431.256,7.6
3,milk,Kumbakonam,Member,3,99.6,14.94,313.74,5.8
1,butter,Trichy,Normal,6,35.49,10.647,223.587,4.1
3,milk,Kumbakonam,Member,1,42.85,2.1425,44.9925,9.3
3,detergent,Mayiladuthurai,Normal,4,94.67,18.934,397.614,6.8
3,butter,Kumbakonam,Normal,3,68.97,10.3455,217.2555,8.7
4,bread,Thanjavur,Member,3,26.26,3.939,82.719,6.3
4,butter,Trichy,Member,9,35.79,16.1055,338.2155,5.1
3,bread,Trichy,Normal,6,16.37,4.911,103.131,7
2,milk,Nagapattinam,Member,2,12.73,1.273,26.733,5.2
1,detergent,Thanjavur,Normal,7,83.14,29.099,611.079,6.6
2,detergent,Trichy,Member,6,35.22,10.566,221.886,6.5
4,milk,Mayiladuthurai,Normal,4,13.78,2.756,57.876,9
3,butter,Kumbakonam,Member,1,88.31,4.4155,92.7255,5.2
4,butter,Trichy,Member,9,39.62,17.829,374.409,6.8
2,butter,Nagapattinam,Normal,9,88.25,39.7125,833.9625,7.6
1,milets,Nagapattinam,Normal,2,25.31,2.531,53.151,7.2
3,butter,Thanjavur,Normal,6,99.92,29.976,629.496,7.1
2,detergent,Thanjavur,Member,2,83.35,8.335,175.035,9.5
2,milets,Trichy,Normal,10,74.44,37.22,781.62,5.1
4,milk,Nagapattinam,Normal,7,64.08,22.428,470.988,7.6
3,milets,Mayiladuthurai,Normal,6,63.15,18.945,397.845,9.8
3,bread,Kumbakonam,Member,3,85.72,12.858,270.018,5.1
4,detergent,Kumbakonam,Normal,7,78.89,27.6115,579.8415,7.5
4,milets,Trichy,Normal,5,89.48,22.37,469.77,7.4
3,detergent,Trichy,Member,3,92.09,13.8135,290.0835,4.2
2,butter,Nagapattinam,Normal,6,57.29,17.187,360.927,5.9
2,butter,Kumbakonam,Normal,4,66.52,13.304,279.384,6.9
2,detergent,Kumbakonam,Member,9,99.82,44.919,943.299,6.6
4,milk,Trichy,Normal,10,45.68,22.84,479.64,5.7
2,milk,Nagapattinam,Normal,5,50.79,12.6975,266.6475,5.3
1,butter,Mayiladuthurai,Member,7,10.08,3.528,74.088,4.2
4,milk,Mayiladuthurai,Normal,7,93.88,32.858,690.018,7.3
3,milk,Mayiladuthurai,Member,2,84.25,8.425,176.925,5.3
3,milets,Kumbakonam,Member,1,53.78,2.689,56.469,4.7
3,butter,Mayiladuthurai,Member,5,35.81,8.9525,188.0025,7.9
2,milk,Thanjavur,Normal,8,26.43,10.572,222.012,8.9
2,detergent,Thanjavur,Member,3,39.91,5.9865,125.7165,9.3
3,butter,Mayiladuthurai,Member,3,21.9,3.285,68.985,4.7
1,milk,Thanjavur,Member,4,62.85,12.57,263.97,8.7
3,butter,Nagapattinam,Member,4,21.04,4.208,88.368,7.6
3,milk,Thanjavur,Member,6,65.91,19.773,415.233,5.7
2,milk,Mayiladuthurai,Normal,7,42.57,14.8995,312.8895,6.8
3,detergent,Kumbakonam,Member,9,50.49,22.7205,477.1305,5.4
1,milk,Trichy,Normal,6,46.02,13.806,289.926,7.1
3,bread,Nagapattinam,Normal,10,15.8,7.9,165.9,7.8
1,detergent,Thanjavur,Member,9,98.66,44.397,932.337,8.4
1,milk,Kumbakonam,Member,1,91.98,4.599,96.579,9.8
4,detergent,Nagapattinam,Member,2,20.89,2.089,43.869,9.8
2,butter,Kumbakonam,Normal,1,15.5,0.775,16.275,7.4
1,bread,Nagapattinam,Member,3,96.82,14.523,304.983,6.7
4,butter,Trichy,Normal,2,33.33,3.333,69.993,6.4
4,butter,Kumbakonam,Normal,2,38.27,3.827,80.367,5.8
1,bread,Mayiladuthurai,Normal,9,33.3,14.985,314.685,7.2
1,milk,Nagapattinam,Member,3,81.01,12.1515,255.1815,9.3
3,detergent,Trichy,Normal,3,15.8,2.37,49.77,9.5
4,bread,Trichy,Member,5,34.49,8.6225,181.0725,9
4,detergent,Mayiladuthurai,Member,10,84.63,42.315,888.615,9
2,bread,Mayiladuthurai,Member,7,36.91,12.9185,271.2885,6.7
3,milk,Thanjavur,Normal,7,87.08,30.478,640.038,5.5
1,detergent,Nagapattinam,Normal,3,80.08,12.012,252.252,5.4
2,butter,Trichy,Normal,2,86.13,8.613,180.873,8.2
4,milk,Trichy,Member,2,49.92,4.992,104.832,7
4,bread,Trichy,Normal,4,74.66,14.932,313.572,8.5
2,milets,Trichy,Member,6,26.6,7.98,167.58,4.9
4,bread,Mayiladuthurai,Normal,1,25.45,1.2725,26.7225,5.1
3,milk,Thanjavur,Normal,1,67.77,3.3885,71.1585,6.5
3,milk,Nagapattinam,Member,4,59.59,11.918,250.278,9.8
2,detergent,Trichy,Normal,4,58.15,11.63,244.23,8.4
4,bread,Kumbakonam,Member,9,97.48,43.866,921.186,7.4
1,milets,Mayiladuthurai,Normal,7,99.96,34.986,734.706,6.1
1,butter,Thanjavur,Normal,7,96.37,33.7295,708.3195,6
3,milk,Kumbakonam,Normal,5,63.71,15.9275,334.4775,8.5
1,milk,Nagapattinam,Normal,2,14.76,1.476,30.996,4.3
3,detergent,Kumbakonam,Member,8,62,24.8,520.8,6.2
3,detergent,Mayiladuthurai,Member,10,82.34,41.17,864.57,4.3
1,milets,Thanjavur,Member,8,75.37,30.148,633.108,8.4
4,milk,Trichy,Normal,5,56.56,14.14,296.94,4.5
3,butter,Trichy,Normal,10,76.6,38.3,804.3,6
4,milets,Kumbakonam,Normal,2,58.03,5.803,121.863,8.8
2,bread,Mayiladuthurai,Normal,10,17.49,8.745,183.645,6.6
2,detergent,Nagapattinam,Member,1,60.95,3.0475,63.9975,5.9
1,bread,Nagapattinam,Normal,1,40.35,2.0175,42.3675,6.2
1,milets,Mayiladuthurai,Normal,10,97.38,48.69,1022.49,4.4
1,milk,Trichy,Member,1,31.84,1.592,33.432,7.7
1,milets,Trichy,Normal,1,65.82,3.291,69.111,4.1
2,detergent,Mayiladuthurai,Member,7,88.34,30.919,649.299,6.6
